seed,n,d,p,loss,solver,gamma,standardize,varsort_raw,varsort_fit,auroc_change_w,auroc_change_a,max_h,seconds
0,50,12,1,gaussian,lbfgs_smooth,0.0,True,0.8148148148148148,0.5,0.7303571428571428,0.6584507042253521,0.006094276813398025,0.5566140000009909
0,50,12,1,gaussian,lbfgs_smooth,0.05,True,0.8148148148148148,0.5,0.7232142857142857,0.6549295774647887,0.006230692991202602,0.2533317079942208
0,50,12,1,student_t,lbfgs_smooth,0.0,True,0.8148148148148148,0.5,0.7535714285714286,0.5880281690140845,0.006087362483150116,0.268855166999856
0,50,12,1,student_t,lbfgs_smooth,0.05,True,0.8148148148148148,0.5,0.7625,0.5845070422535211,0.006080614343455082,0.26194341700465884
0,50,12,1,gaussian,admm,0.0,True,0.8148148148148148,0.5,0.8339285714285715,0.795774647887324,0.00415575080450914,0.35449529199831886
0,50,12,1,gaussian,admm,0.05,True,0.8148148148148148,0.5,0.9196428571428571,0.6302816901408451,0.0040874967608353074,0.34976229200401576
0,50,12,1,student_t,admm,0.0,True,0.8148148148148148,0.5,0.9071428571428571,0.7816901408450704,0.003873797781599464,0.35421970800234703
0,50,12,1,student_t,admm,0.05,True,0.8148148148148148,0.5,0.9767857142857143,0.6197183098591549,0.002170145893385822,0.3256939999992028
1,50,12,1,gaussian,lbfgs_smooth,0.0,True,0.8,0.5,0.7392857142857143,0.6901408450704225,0.006744526237520532,0.27362949999951525
1,50,12,1,gaussian,lbfgs_smooth,0.05,True,0.8,0.5,0.7535714285714286,0.704225352112676,0.006846203867146627,0.27381808300560806
1,50,12,1,student_t,lbfgs_smooth,0.0,True,0.8,0.5,0.8571428571428571,0.7077464788732394,0.0059934318741738934,0.2871500420005759
1,50,12,1,student_t,lbfgs_smooth,0.05,True,0.8,0.5,0.8607142857142858,0.7147887323943662,0.006021284864353049,0.2524400829934166
1,50,12,1,gaussian,admm,0.0,True,0.8,0.5,0.7821428571428571,0.6795774647887324,0.0043365424407131314,0.3649858339995262
1,50,12,1,gaussian,admm,0.05,True,0.8,0.5,0.9196428571428571,0.6179577464788732,0.004048294971102706,0.3519534169972758
1,50,12,1,student_t,admm,0.0,True,0.8,0.5,0.9071428571428571,0.704225352112676,0.0037073527841293696,0.37102291700284695
1,50,12,1,student_t,admm,0.05,True,0.8,0.5,0.95,0.6654929577464789,0.0035614427345329602,0.38663958300458035
2,50,12,1,gaussian,lbfgs_smooth,0.0,True,0.7142857142857143,0.5,0.7071428571428572,0.3767605633802817,0.006241923086992784,0.2932985829975223
2,50,12,1,gaussian,lbfgs_smooth,0.05,True,0.7142857142857143,0.5,0.7089285714285715,0.3767605633802817,0.006241660665255111,0.23529833299835445
2,50,12,1,student_t,lbfgs_smooth,0.0,True,0.7142857142857143,0.5,0.7910714285714285,0.3732394366197183,0.0056497834123234725,0.26946412499819417
2,50,12,1,student_t,lbfgs_smooth,0.05,True,0.7142857142857143,0.5,0.8071428571428572,0.36619718309859156,0.005713638506238183,0.24071204099891474
2,50,12,1,gaussian,admm,0.0,True,0.7142857142857143,0.5,0.8892857142857142,0.4225352112676056,0.004222365860151456,0.3113449579977896
2,50,12,1,gaussian,admm,0.05,True,0.7142857142857143,0.5,0.9321428571428572,0.6602112676056338,0.0039656344161898005,0.297958249997464
2,50,12,1,student_t,admm,0.0,True,0.7142857142857143,0.5,0.9267857142857143,0.4507042253521127,0.004189890119906892,0.35776720799913164
2,50,12,1,student_t,admm,0.05,True,0.7142857142857143,0.5,0.9607142857142857,0.647887323943662,0.0037488848631497262,0.2924512079989654
3,50,12,1,gaussian,lbfgs_smooth,0.0,True,0.8235294117647058,0.5,0.525,0.5704225352112676,0.006372342061098379,0.2789997500003665
3,50,12,1,gaussian,lbfgs_smooth,0.05,True,0.8235294117647058,0.5,0.525,0.5845070422535211,0.006360108706020995,0.2403530410010717
3,50,12,1,student_t,lbfgs_smooth,0.0,True,0.8235294117647058,0.5,0.6089285714285714,0.6830985915492958,0.0059516867473234925,0.24107516599906376
3,50,12,1,student_t,lbfgs_smooth,0.05,True,0.8235294117647058,0.5,0.6107142857142858,0.6830985915492958,0.0059223002488195675,0.2522620419986197
3,50,12,1,gaussian,admm,0.0,True,0.8235294117647058,0.5,0.5607142857142857,0.6056338028169014,0.0041928341687569315,0.32234408300428186
3,50,12,1,gaussian,admm,0.05,True,0.8235294117647058,0.5,0.6196428571428572,0.6443661971830986,0.003740832315861198,0.30445879099715967
3,50,12,1,student_t,admm,0.0,True,0.8235294117647058,0.5,0.8196428571428571,0.6373239436619719,0.0037235219639484285,0.3418895840004552
3,50,12,1,student_t,admm,0.05,True,0.8235294117647058,0.5,0.8883928571428571,0.676056338028169,0.0017011194888922887,0.31673350000346545
4,50,12,1,gaussian,lbfgs_smooth,0.0,True,0.7777777777777778,0.5,0.49107142857142855,0.6690140845070423,0.00672250500655025,0.27794983399508055
4,50,12,1,gaussian,lbfgs_smooth,0.05,True,0.7777777777777778,0.5,0.4982142857142857,0.6654929577464789,0.006712133687766908,0.27434166699822526
4,50,12,1,student_t,lbfgs_smooth,0.0,True,0.7777777777777778,0.5,0.22678571428571428,0.6866197183098591,0.006266380688556339,0.250894500000868
4,50,12,1,student_t,lbfgs_smooth,0.05,True,0.7777777777777778,0.5,0.24107142857142858,0.6866197183098591,0.006280553553180468,0.2795383749980829
4,50,12,1,gaussian,admm,0.0,True,0.7777777777777778,0.5,0.6910714285714286,0.6795774647887324,0.004194195949416724,0.30153229200368514
4,50,12,1,gaussian,admm,0.05,True,0.7777777777777778,0.5,0.8169642857142857,0.3732394366197183,0.003743064948531938,0.29128433400182985
4,50,12,1,student_t,admm,0.0,True,0.7777777777777778,0.5,0.7357142857142858,0.6725352112676056,0.004024911576117063,0.3065560410032049
4,50,12,1,student_t,admm,0.05,True,0.7777777777777778,0.5,0.8553571428571428,0.4119718309859155,0.003737884842346162,0.32521299999643816
5,50,12,1,gaussian,lbfgs_smooth,0.0,True,1.0,0.5,0.6964285714285714,0.5352112676056338,0.006557139348840835,0.2728411670032074
5,50,12,1,gaussian,lbfgs_smooth,0.05,True,1.0,0.5,0.7053571428571429,0.5352112676056338,0.006600995076178506,0.237519667003653
5,50,12,1,student_t,lbfgs_smooth,0.0,True,1.0,0.5,0.49107142857142855,0.5352112676056338,0.0065023352340034535,0.27267945899802726
5,50,12,1,student_t,lbfgs_smooth,0.05,True,1.0,0.5,0.5017857142857143,0.5387323943661971,0.006505794483658178,0.2764462499981164
5,50,12,1,gaussian,admm,0.0,True,1.0,0.5,0.6017857142857143,0.5105633802816901,0.0045021290900084665,0.35355587500089314
5,50,12,1,gaussian,admm,0.05,True,1.0,0.5,0.7598214285714285,0.6426056338028169,0.004389468839704591,0.34128695799881825
5,50,12,1,student_t,admm,0.0,True,1.0,0.5,0.6892857142857143,0.5176056338028169,0.004138725677004018,0.320987208004226
5,50,12,1,student_t,admm,0.05,True,1.0,0.5,0.8330357142857143,0.6514084507042254,0.002152262893963197,0.3522834999967017
6,50,12,1,gaussian,lbfgs_smooth,0.0,True,1.0,0.5,0.3625,0.3028169014084507,0.006698442583271458,0.26845804099866655
6,50,12,1,gaussian,lbfgs_smooth,0.05,True,1.0,0.5,0.37142857142857144,0.2746478873239437,0.0066622845605319725,0.27966062500490807
6,50,12,1,student_t,lbfgs_smooth,0.0,True,1.0,0.5,0.5482142857142858,0.397887323943662,0.00615304555192786,0.2986514160002116
6,50,12,1,student_t,lbfgs_smooth,0.05,True,1.0,0.5,0.5410714285714285,0.3873239436619718,0.006363612587543699,0.289323584001977
6,50,12,1,gaussian,admm,0.0,True,1.0,0.5,0.625,0.29577464788732394,0.004717722871250274,0.3373042919993168
6,50,12,1,gaussian,admm,0.05,True,1.0,0.5,0.53125,0.39436619718309857,0.004212017102265264,0.31288191699422896
6,50,12,1,student_t,admm,0.0,True,1.0,0.5,0.6303571428571428,0.5845070422535211,0.004079155422948233,0.3690349160024198
6,50,12,1,student_t,admm,0.05,True,1.0,0.5,0.5741071428571428,0.40492957746478875,0.003987368375206302,0.3176707919992623
7,50,12,1,gaussian,lbfgs_smooth,0.0,True,0.42857142857142855,0.5,0.4,0.5845070422535211,0.006807889420176849,0.29333516599581344
7,50,12,1,gaussian,lbfgs_smooth,0.05,True,0.42857142857142855,0.5,0.3767857142857143,0.5669014084507042,0.00681163969690779,0.26011475000268547
7,50,12,1,student_t,lbfgs_smooth,0.0,True,0.42857142857142855,0.5,0.6910714285714286,0.5,0.006100313137352487,0.28705333399557276
7,50,12,1,student_t,lbfgs_smooth,0.05,True,0.42857142857142855,0.5,0.6964285714285714,0.5105633802816901,0.006080289987666632,0.26328491699678125
7,50,12,1,gaussian,admm,0.0,True,0.42857142857142855,0.5,0.4642857142857143,0.5352112676056338,0.004325210030179605,0.3455937079997966
7,50,12,1,gaussian,admm,0.05,True,0.42857142857142855,0.5,0.6866071428571429,0.8802816901408451,0.004293811332034991,0.37789329199586064
7,50,12,1,student_t,admm,0.0,True,0.42857142857142855,0.5,0.8482142857142857,0.7711267605633803,0.0039116650683901355,0.3518823750055162
7,50,12,1,student_t,admm,0.05,True,0.42857142857142855,0.5,0.7366071428571429,0.9823943661971831,0.003816273647791135,0.3478917500033276
8,50,12,1,gaussian,lbfgs_smooth,0.0,True,0.8260869565217391,0.5,0.6035714285714285,0.7323943661971831,0.0068438888382917895,0.268741666994174
8,50,12,1,gaussian,lbfgs_smooth,0.05,True,0.8260869565217391,0.5,0.5857142857142857,0.75,0.006829337303383198,0.2461814999987837
8,50,12,1,student_t,lbfgs_smooth,0.0,True,0.8260869565217391,0.5,0.4714285714285714,0.6901408450704225,0.006568977284512556,0.25196120900363894
8,50,12,1,student_t,lbfgs_smooth,0.05,True,0.8260869565217391,0.5,0.48214285714285715,0.6901408450704225,0.006588775166431304,0.23228191700036405
8,50,12,1,gaussian,admm,0.0,True,0.8260869565217391,0.5,0.8285714285714286,0.7112676056338029,0.00499524974851262,0.3078464579957654
8,50,12,1,gaussian,admm,0.05,True,0.8260869565217391,0.5,0.9642857142857143,0.670774647887324,0.004240304086851054,0.30200362500181654
8,50,12,1,student_t,admm,0.0,True,0.8260869565217391,0.5,0.8625,0.6795774647887324,0.004002698054613063,0.34962800000357674
8,50,12,1,student_t,admm,0.05,True,0.8260869565217391,0.5,0.9714285714285714,0.6742957746478874,0.0036359129571525983,0.28122616699693026
9,50,12,1,gaussian,lbfgs_smooth,0.0,True,0.9444444444444444,0.5,0.6053571428571428,0.5070422535211268,0.006938159017922274,0.24646287500218023
9,50,12,1,gaussian,lbfgs_smooth,0.05,True,0.9444444444444444,0.5,0.55,0.5035211267605634,0.006930565515249398,0.25104641600046307
9,50,12,1,student_t,lbfgs_smooth,0.0,True,0.9444444444444444,0.5,0.6107142857142858,0.4507042253521127,0.006732342437853589,0.23686979099875316
9,50,12,1,student_t,lbfgs_smooth,0.05,True,0.9444444444444444,0.5,0.6,0.4612676056338028,0.006745591841246679,0.2491370000061579
9,50,12,1,gaussian,admm,0.0,True,0.9444444444444444,0.5,0.41964285714285715,0.6408450704225352,0.005140214432987733,0.3424034169947845
9,50,12,1,gaussian,admm,0.05,True,0.9444444444444444,0.5,0.3392857142857143,0.36619718309859156,0.004608267110807418,0.3653184579961817
9,50,12,1,student_t,admm,0.0,True,0.9444444444444444,0.5,0.6178571428571429,0.6549295774647887,0.00464802533978137,0.34999441700347234
9,50,12,1,student_t,admm,0.05,True,0.9444444444444444,0.5,0.36428571428571427,0.4225352112676056,0.0043042063319393975,0.35670658399612876
10,50,12,1,gaussian,lbfgs_smooth,0.0,True,0.9166666666666666,0.5,0.3821428571428571,0.35563380281690143,0.006835270228879864,0.2812861249985872
10,50,12,1,gaussian,lbfgs_smooth,0.05,True,0.9166666666666666,0.5,0.4,0.36619718309859156,0.006843718424198286,0.2486300420059706
10,50,12,1,student_t,lbfgs_smooth,0.0,True,0.9166666666666666,0.5,0.6178571428571429,0.5,0.00652761963972992,0.2586657909996575
10,50,12,1,student_t,lbfgs_smooth,0.05,True,0.9166666666666666,0.5,0.6267857142857143,0.5140845070422535,0.006530227538323885,0.32879295800375985
10,50,12,1,gaussian,admm,0.0,True,0.9166666666666666,0.5,0.7142857142857143,0.6830985915492958,0.004536592111803017,0.3690935839986196
10,50,12,1,gaussian,admm,0.05,True,0.9166666666666666,0.5,0.8964285714285715,0.6267605633802817,0.004446730650840891,0.4688691670016851
10,50,12,1,student_t,admm,0.0,True,0.9166666666666666,0.5,0.9410714285714286,0.7605633802816901,0.003812121131961277,0.3929809170003864
10,50,12,1,student_t,admm,0.05,True,0.9166666666666666,0.5,0.9714285714285714,0.6267605633802817,0.0038915330705044937,0.39903054199385224
11,50,12,1,gaussian,lbfgs_smooth,0.0,True,0.7647058823529411,0.5,0.4,0.2007042253521127,0.006654304607891959,0.28864070900453953
11,50,12,1,gaussian,lbfgs_smooth,0.05,True,0.7647058823529411,0.5,0.3732142857142857,0.15845070422535212,0.006570544311164994,0.28261716599809006
11,50,12,1,student_t,lbfgs_smooth,0.0,True,0.7647058823529411,0.5,0.6928571428571428,0.25704225352112675,0.006348956244329074,0.26574083399464143
11,50,12,1,student_t,lbfgs_smooth,0.05,True,0.7647058823529411,0.5,0.6982142857142857,0.2640845070422535,0.00625580202617293,0.2813966250032536
11,50,12,1,gaussian,admm,0.0,True,0.7647058823529411,0.5,0.7892857142857143,0.5,0.004890655955048118,0.5235874580030213
11,50,12,1,gaussian,admm,0.05,True,0.7647058823529411,0.5,0.9107142857142857,0.4084507042253521,0.004485021899283126,0.41217604199482594
11,50,12,1,student_t,admm,0.0,True,0.7647058823529411,0.5,0.9,0.573943661971831,0.004166200694776023,0.35393404100614134
11,50,12,1,student_t,admm,0.05,True,0.7647058823529411,0.5,0.9607142857142857,0.43661971830985913,0.0040418806341175895,0.5185379169997759
0,100,12,1,gaussian,lbfgs_smooth,0.0,True,0.8888888888888888,0.5,0.9017857142857143,0.45422535211267606,0.006374710699503794,0.4274511249968782
0,100,12,1,gaussian,lbfgs_smooth,0.05,True,0.8888888888888888,0.5,0.9,0.45422535211267606,0.0063551815185523,0.4249962499961839
0,100,12,1,student_t,lbfgs_smooth,0.0,True,0.8888888888888888,0.5,0.7142857142857143,0.426056338028169,0.005956661993741008,0.555050625000149
0,100,12,1,student_t,lbfgs_smooth,0.05,True,0.8888888888888888,0.5,0.7285714285714285,0.4295774647887324,0.005934553051627489,0.4087887089990545
0,100,12,1,gaussian,admm,0.0,True,0.8888888888888888,0.5,0.9839285714285714,0.4647887323943662,0.004519463080560726,0.36571879199618706
0,100,12,1,gaussian,admm,0.05,True,0.8888888888888888,0.5,0.9892857142857143,0.4225352112676056,0.004176344195812476,0.36015245800081175
0,100,12,1,student_t,admm,0.0,True,0.8888888888888888,0.5,0.9982142857142857,0.6443661971830986,0.003996696836825464,0.3497811250053928
0,100,12,1,student_t,admm,0.05,True,0.8888888888888888,0.5,0.9946428571428572,0.45774647887323944,0.004171761018398001,0.3739922079985263
1,100,12,1,gaussian,lbfgs_smooth,0.0,True,0.7333333333333333,0.5,0.7303571428571428,0.7077464788732394,0.008062309341172025,0.29917658399790525
1,100,12,1,gaussian,lbfgs_smooth,0.05,True,0.7333333333333333,0.5,0.7357142857142858,0.7077464788732394,0.008071591212955198,0.3600691659958102
1,100,12,1,student_t,lbfgs_smooth,0.0,True,0.7333333333333333,0.5,0.8696428571428572,0.6338028169014085,0.006007446082200829,0.3364412920054747
1,100,12,1,student_t,lbfgs_smooth,0.05,True,0.7333333333333333,0.5,0.8714285714285714,0.6514084507042254,0.0059950952133096536,0.32194295899535064
1,100,12,1,gaussian,admm,0.0,True,0.7333333333333333,0.5,0.8857142857142857,0.7183098591549296,0.005320629485744632,0.3826681659993483
1,100,12,1,gaussian,admm,0.05,True,0.7333333333333333,0.5,0.9785714285714285,0.7059859154929577,0.005044700897810728,0.6526526669986197
1,100,12,1,student_t,admm,0.0,True,0.7333333333333333,0.5,0.9714285714285714,0.75,0.004323588715131166,0.42409441700147
1,100,12,1,student_t,admm,0.05,True,0.7333333333333333,0.5,0.9839285714285714,0.727112676056338,0.004172088411356967,0.3732133329976932
2,100,12,1,gaussian,lbfgs_smooth,0.0,True,1.0,0.5,0.5696428571428571,0.7570422535211268,0.006954345865850087,0.31127166700025555
2,100,12,1,gaussian,lbfgs_smooth,0.05,True,1.0,0.5,0.5767857142857142,0.7570422535211268,0.006953408507417436,0.29373779199522687
2,100,12,1,student_t,lbfgs_smooth,0.0,True,1.0,0.5,0.7642857142857142,0.8345070422535211,0.005977026198280555,0.2713166670000646
2,100,12,1,student_t,lbfgs_smooth,0.05,True,1.0,0.5,0.7607142857142857,0.8345070422535211,0.005979567254392748,0.28644741699827136
2,100,12,1,gaussian,admm,0.0,True,1.0,0.5,0.8785714285714286,0.6690140845070423,0.004483036788061057,0.2888769589990261
2,100,12,1,gaussian,admm,0.05,True,1.0,0.5,0.9571428571428572,0.4119718309859155,0.0043181595936818695,0.2937979999987874
2,100,12,1,student_t,admm,0.0,True,1.0,0.5,0.9696428571428571,0.7746478873239436,0.0038327712454400142,0.29369183399830945
2,100,12,1,student_t,admm,0.05,True,1.0,0.5,0.9910714285714286,0.45422535211267606,0.003457295817144157,0.3368925000031595
3,100,12,1,gaussian,lbfgs_smooth,0.0,True,0.7058823529411765,0.5,0.4446428571428571,0.36971830985915494,0.0067385822407501905,0.26063154200528516
3,100,12,1,gaussian,lbfgs_smooth,0.05,True,0.7058823529411765,0.5,0.44642857142857145,0.36971830985915494,0.00673556593439173,0.26880804199754493
3,100,12,1,student_t,lbfgs_smooth,0.0,True,0.7058823529411765,0.5,0.4714285714285714,0.323943661971831,0.006114193259914913,0.2676499589942978
3,100,12,1,student_t,lbfgs_smooth,0.05,True,0.7058823529411765,0.5,0.475,0.323943661971831,0.006107373692044504,0.26698641599796247
3,100,12,1,gaussian,admm,0.0,True,0.7058823529411765,0.5,0.7517857142857143,0.49471830985915494,0.004406314604898043,0.30794937499740627
3,100,12,1,gaussian,admm,0.05,True,0.7058823529411765,0.5,0.7616071428571428,0.6866197183098591,0.003959351720109083,0.3505974169966066
3,100,12,1,student_t,admm,0.0,True,0.7058823529411765,0.5,0.6955357142857143,0.5440140845070423,0.003692719120966359,0.30769983299978776
3,100,12,1,student_t,admm,0.05,True,0.7058823529411765,0.5,0.8464285714285714,0.721830985915493,0.003486452677478269,0.30089474999840604
4,100,12,1,gaussian,lbfgs_smooth,0.0,True,0.7777777777777778,0.5,0.3267857142857143,0.5140845070422535,0.006872995596385323,0.25606033299845876
4,100,12,1,gaussian,lbfgs_smooth,0.05,True,0.7777777777777778,0.5,0.3267857142857143,0.5211267605633803,0.006864866463416774,0.2759401670045918
4,100,12,1,student_t,lbfgs_smooth,0.0,True,0.7777777777777778,0.5,0.4017857142857143,0.5211267605633803,0.006108374894491675,0.2721658330046921
4,100,12,1,student_t,lbfgs_smooth,0.05,True,0.7777777777777778,0.5,0.4107142857142857,0.5176056338028169,0.006130656650245925,0.2480983749992447
4,100,12,1,gaussian,admm,0.0,True,0.7777777777777778,0.5,0.5,0.5563380281690141,0.004267051739292427,0.3170101670039003
4,100,12,1,gaussian,admm,0.05,True,0.7777777777777778,0.5,0.6321428571428571,0.6126760563380281,0.003872609100493918,0.3098423329938669
4,100,12,1,student_t,admm,0.0,True,0.7777777777777778,0.5,0.5607142857142857,0.6232394366197183,0.004316501045639853,0.3602927079991787
4,100,12,1,student_t,admm,0.05,True,0.7777777777777778,0.5,0.6910714285714286,0.43309859154929575,0.003927205647991983,0.3085019169957377
5,100,12,1,gaussian,lbfgs_smooth,0.0,True,0.9583333333333334,0.5,0.6660714285714285,0.545774647887324,0.006670765483454133,0.25767891699797474
5,100,12,1,gaussian,lbfgs_smooth,0.05,True,0.9583333333333334,0.5,0.6642857142857143,0.5352112676056338,0.006680972437523636,0.2940984169981675
5,100,12,1,student_t,lbfgs_smooth,0.0,True,0.9583333333333334,0.5,0.5535714285714286,0.5845070422535211,0.0059334390793086556,0.3185155000028317
5,100,12,1,student_t,lbfgs_smooth,0.05,True,0.9583333333333334,0.5,0.5571428571428572,0.5880281690140845,0.005935696666588441,0.2916100419970462
5,100,12,1,gaussian,admm,0.0,True,0.9583333333333334,0.5,0.7098214285714286,0.20774647887323944,0.004209218317823726,0.34580545800417894
5,100,12,1,gaussian,admm,0.05,True,0.9583333333333334,0.5,0.8330357142857143,0.3873239436619718,0.0037027671502425363,0.4825392919956357
5,100,12,1,student_t,admm,0.0,True,0.9583333333333334,0.5,0.8357142857142857,0.2764084507042254,0.0038197035620299857,0.41271587499795714
5,100,12,1,student_t,admm,0.05,True,0.9583333333333334,0.5,0.83125,0.45422535211267606,0.0038603724596786293,0.3218861250061309
6,100,12,1,gaussian,lbfgs_smooth,0.0,True,1.0,0.5,0.7464285714285714,0.7922535211267606,0.006989607591478375,0.3374225000006845
6,100,12,1,gaussian,lbfgs_smooth,0.05,True,1.0,0.5,0.75,0.7922535211267606,0.006984610352706255,0.432922874999349
6,100,12,1,student_t,lbfgs_smooth,0.0,True,1.0,0.5,0.5267857142857143,0.6971830985915493,0.006323023092157598,0.4281577500005369
6,100,12,1,student_t,lbfgs_smooth,0.05,True,1.0,0.5,0.5517857142857143,0.6971830985915493,0.0063972497239959125,0.3920324589998927
6,100,12,1,gaussian,admm,0.0,True,1.0,0.5,0.5571428571428572,0.9084507042253521,0.00465439992119876,0.45909150000079535
6,100,12,1,gaussian,admm,0.05,True,1.0,0.5,0.6982142857142857,0.698943661971831,0.00438705901718528,0.3664994169957936
6,100,12,1,student_t,admm,0.0,True,1.0,0.5,0.8,0.9507042253521126,0.00399078464489655,0.4300580409981194
6,100,12,1,student_t,admm,0.05,True,1.0,0.5,0.8580357142857142,0.9683098591549296,0.0036943374482536484,0.43424162500014063
7,100,12,1,gaussian,lbfgs_smooth,0.0,True,0.7142857142857143,0.5,0.4232142857142857,0.8133802816901409,0.006965010218221934,0.3139048750017537
7,100,12,1,gaussian,lbfgs_smooth,0.05,True,0.7142857142857143,0.5,0.43392857142857144,0.8063380281690141,0.006956002419350682,0.31431808300112607
7,100,12,1,student_t,lbfgs_smooth,0.0,True,0.7142857142857143,0.5,0.6071428571428571,0.573943661971831,0.006203102544292349,0.3883326249997481
7,100,12,1,student_t,lbfgs_smooth,0.05,True,0.7142857142857143,0.5,0.6125,0.573943661971831,0.006204770639248736,0.3013491659949068
7,100,12,1,gaussian,admm,0.0,True,0.7142857142857143,0.5,0.7357142857142858,0.551056338028169,0.004407804475686561,0.3373161249983241
7,100,12,1,gaussian,admm,0.05,True,0.7142857142857143,0.5,0.7633928571428571,0.7183098591549296,0.004100985876275942,0.32088091599871404
7,100,12,1,student_t,admm,0.0,True,0.7142857142857143,0.5,0.8660714285714286,0.5651408450704225,0.00368787377701274,0.32260750000568805
7,100,12,1,student_t,admm,0.05,True,0.7142857142857143,0.5,0.7035714285714286,0.721830985915493,0.0036622260053604805,0.3031599170062691
8,100,12,1,gaussian,lbfgs_smooth,0.0,True,0.782608695652174,0.5,0.8517857142857143,0.7676056338028169,0.0074656312427627824,0.26585937500203727
8,100,12,1,gaussian,lbfgs_smooth,0.05,True,0.782608695652174,0.5,0.85,0.7640845070422535,0.007460505884372637,0.26678483299474465
8,100,12,1,student_t,lbfgs_smooth,0.0,True,0.782608695652174,0.5,0.8339285714285715,0.8133802816901409,0.006410693145433299,0.28626929199526785
8,100,12,1,student_t,lbfgs_smooth,0.05,True,0.782608695652174,0.5,0.8321428571428572,0.795774647887324,0.006443868045458601,0.2958608750050189
8,100,12,1,gaussian,admm,0.0,True,0.782608695652174,0.5,0.8303571428571429,0.6690140845070423,0.004602276191116417,0.33086116699996637
8,100,12,1,gaussian,admm,0.05,True,0.782608695652174,0.5,0.8491071428571428,0.7112676056338029,0.004695401964253776,0.31937679200200364
8,100,12,1,student_t,admm,0.0,True,0.782608695652174,0.5,0.9857142857142858,0.5862676056338029,0.003983545094600416,0.2939868750036112
8,100,12,1,student_t,admm,0.05,True,0.782608695652174,0.5,0.9964285714285714,0.7288732394366197,0.0037814155325435195,0.29443945800449
9,100,12,1,gaussian,lbfgs_smooth,0.0,True,0.9444444444444444,0.5,0.6589285714285714,0.9330985915492958,0.0070413386690511,0.2637873329949798
9,100,12,1,gaussian,lbfgs_smooth,0.05,True,0.9444444444444444,0.5,0.6625,0.9366197183098591,0.0070372057157417345,0.2751676249972661
9,100,12,1,student_t,lbfgs_smooth,0.0,True,0.9444444444444444,0.5,0.6035714285714285,0.8908450704225352,0.006705569595386152,0.26976137500605546
9,100,12,1,student_t,lbfgs_smooth,0.05,True,0.9444444444444444,0.5,0.6035714285714285,0.897887323943662,0.006676615938525643,0.28302333299507154
9,100,12,1,gaussian,admm,0.0,True,0.9444444444444444,0.5,0.7857142857142857,0.8415492957746479,0.004757845544622441,0.3163268339994829
9,100,12,1,gaussian,admm,0.05,True,0.9444444444444444,0.5,0.8017857142857143,0.7183098591549296,0.004584583633823414,0.3214121669952874
9,100,12,1,student_t,admm,0.0,True,0.9444444444444444,0.5,0.9375,0.8626760563380281,0.004138922113558152,0.32890208300523227
9,100,12,1,student_t,admm,0.05,True,0.9444444444444444,0.5,0.8375,0.7376760563380281,0.0038813121760696845,0.2984773749994929
10,100,12,1,gaussian,lbfgs_smooth,0.0,True,0.9166666666666666,0.5,0.5821428571428572,0.2605633802816901,0.006344821698936798,0.2994482499998412
10,100,12,1,gaussian,lbfgs_smooth,0.05,True,0.9166666666666666,0.5,0.5839285714285715,0.2676056338028169,0.00634201103826193,0.2291660829941975
10,100,12,1,student_t,lbfgs_smooth,0.0,True,0.9166666666666666,0.5,0.7089285714285715,0.5633802816901409,0.00539135446786787,0.27129412500653416
10,100,12,1,student_t,lbfgs_smooth,0.05,True,0.9166666666666666,0.5,0.7035714285714286,0.5563380281690141,0.0053827509064827694,0.2738201250031125
10,100,12,1,gaussian,admm,0.0,True,0.9166666666666666,0.5,0.6625,0.5528169014084507,0.004070521349392564,0.30588575000001583
10,100,12,1,gaussian,admm,0.05,True,0.9166666666666666,0.5,0.8089285714285714,0.4119718309859155,0.004402457454231623,0.32671937500708736
10,100,12,1,student_t,admm,0.0,True,0.9166666666666666,0.5,0.9892857142857143,0.6408450704225352,0.003353210592901945,0.32892858300328953
10,100,12,1,student_t,admm,0.05,True,0.9166666666666666,0.5,0.8571428571428571,0.4471830985915493,0.003777791774542294,0.3004022079985589
11,100,12,1,gaussian,lbfgs_smooth,0.0,True,0.7450980392156863,0.5,0.46964285714285714,0.4119718309859155,0.006823433198942297,0.27037291700253263
11,100,12,1,gaussian,lbfgs_smooth,0.05,True,0.7450980392156863,0.5,0.4767857142857143,0.40492957746478875,0.006853694362085605,0.2712843750050524
11,100,12,1,student_t,lbfgs_smooth,0.0,True,0.7450980392156863,0.5,0.3964285714285714,0.4225352112676056,0.0064739478827142705,0.2898419580014888
11,100,12,1,student_t,lbfgs_smooth,0.05,True,0.7450980392156863,0.5,0.48392857142857143,0.5035211267605634,0.006478791894778624,0.2567888330013375
11,100,12,1,gaussian,admm,0.0,True,0.7450980392156863,0.5,0.6642857142857143,0.7253521126760564,0.00487795982309791,0.37537724999856437
11,100,12,1,gaussian,admm,0.05,True,0.7450980392156863,0.5,0.675,0.45422535211267606,0.00500135410475977,0.34759350000240374
11,100,12,1,student_t,admm,0.0,True,0.7450980392156863,0.5,0.7107142857142857,0.8415492957746479,0.0045842618162978965,0.3460354170019855
11,100,12,1,student_t,admm,0.05,True,0.7450980392156863,0.5,0.8392857142857143,0.7183098591549296,0.004536395956385775,0.3698840829965775
